name,location,team,division,wins,losses,era,games_played,games_started,quality_starts,complete_games,shutouts,saves,holds,blown_saves,innings_pitched,total_batters_faced,hits,runs,earned_runs,home_runs,walks,intentional_walks,hbp,wild_pitches,balks,strikeouts
Joe Musgrove,San Diego,Padres,NL West,6,5,3.88,19,19,10,0,0,0,0,0,99.2,410,94,44,43,14,23,0,10,0,0,101
Cooper Criswell,Boston,Red Sox,AL East,6,5,4.08,26,18,1,0,0,0,0,0,99.1,424,103,52,45,10,31,0,7,2,0,73
Keider Montero,Detroit,Tigers,AL Central,6,6,4.76,19,16,4,1,1,0,0,0,98.1,412,100,54,52,19,31,0,3,2,0,77
Randy Vásquez,San Diego,Padres,NL West,4,7,4.87,20,20,6,0,0,0,0,0,98,431,119,56,53,13,29,1,6,5,2,62
Logan Allen,Cleveland,Guardians,AL Central,8,5,5.73,20,20,5,0,0,0,0,0,97.1,432,113,63,62,22,41,0,4,4,0,79
Edward Cabrera,Miami,Marlins,NL East,4,8,4.95,20,20,5,0,0,0,0,0,96.1,418,82,60,53,15,50,0,5,1,1,107
Dane Dunning,Texas,Rangers,AL West,5,7,5.31,26,15,2,0,0,0,0,0,95,421,97,60,56,18,40,1,6,2,0,91
Gerrit Cole,New York,Yankees,AL East,8,5,3.41,17,17,8,0,0,0,0,0,95,390,78,38,36,11,29,1,6,0,0,99
Tyler Holton,Detroit,Tigers,AL Central,7,2,2.19,66,9,0,0,0,8,14,0,94.1,354,57,25,23,7,17,1,4,0,0,77
Carson Spiers,Cincinnati,Reds,NL Central,5,7,5.46,22,10,2,0,0,0,0,0,90.2,410,112,59,55,20,27,0,5,0,0,80
Justin Verlander,Houston,Astros,AL West,5,6,5.48,17,17,6,0,0,0,0,0,90.1,396,98,56,55,15,27,0,6,2,1,74
Yoshinobu Yamamoto,Los Angeles,Dodgers,NL West,7,2,3,18,18,7,0,0,0,0,0,90,368,78,32,30,7,22,0,1,2,0,105
Derek Law,Washington,Nationals,NL East,7,4,2.6,75,0,0,0,0,1,17,4,90,365,82,31,26,7,24,0,1,6,0,76
Dakota Hudson,Colorado,Rockies,NL West,2,12,6.17,18,18,4,0,0,0,0,0,89,404,99,66,61,11,50,0,5,3,0,49
DJ Herz,Washington,Nationals,NL East,4,9,4.16,19,19,2,0,0,0,0,0,88.2,382,76,45,41,11,36,0,3,5,1,106
Chris Paddack,Minnesota,Twins,AL Central,5,3,4.99,17,17,4,0,0,0,0,0,88.1,384,102,50,49,14,21,0,1,3,0,79
Reid Detmers,"""Los Angeles""",Angels,AL West,4,9,6.7,17,17,4,0,0,0,0,0,87.1,391,98,67,65,18,38,0,2,4,0,109
Carson Fulmer,"""Los Angeles""",Angels,AL West,0,5,4.15,37,8,2,0,0,0,0,1,86.2,379,81,45,40,11,40,4,5,5,2,81
Yariel Rodríguez,Toronto,Blue Jays,AL East,1,8,4.47,21,21,2,0,0,0,0,0,86.2,368,74,46,43,11,40,0,3,0,2,85
Ryan Weathers,Miami,Marlins,NL East,5,6,3.63,16,16,7,0,0,0,0,0,86.2,367,78,39,35,11,24,1,9,2,1,80
Matthew Liberatore,St. Louis,Cardinals,NL Central,3,4,4.4,60,6,1,0,0,0,7,2,86,358,81,44,42,11,28,3,2,3,0,76
Ross Stripling,Sacramento,Athletics,AL West,2,11,6.01,22,14,2,0,0,0,1,0,85.1,381,109,65,57,7,22,2,1,2,1,49
Clarke Schmidt,New York,Yankees,AL East,5,5,2.85,16,16,2,0,0,0,0,0,85.1,353,71,31,27,8,30,0,9,2,0,93
Luke Weaver,New York,Yankees,AL East,7,3,2.89,62,0,0,0,0,4,22,0,84,331,52,28,27,10,26,0,4,1,0,103
Taijuan Walker,Philadelphia,Phillies,NL East,3,7,7.1,19,15,2,0,0,0,0,0,83.2,381,107,68,66,24,37,0,3,0,0,58
Roddery Muñoz,Miami,Marlins,NL East,2,7,6.53,18,17,2,0,0,0,0,0,82.2,379,89,66,60,26,42,0,5,4,1,70
Yu Darvish,San Diego,Padres,NL West,7,3,3.31,16,16,5,0,0,0,0,0,81.2,331,65,32,30,12,22,0,3,2,0,78
Sean Hjelle,San Francisco,Giants,NL West,3,4,3.9,58,0,0,0,0,0,7,0,80.2,337,84,37,35,10,14,2,5,0,0,75
Ryan Walker,San Francisco,Giants,NL West,10,4,1.91,76,1,0,0,0,10,21,4,80,308,50,19,17,5,18,1,9,2,0,99
Patrick Sandoval,"""Los Angeles""",Angels,AL West,2,8,5.08,16,16,4,0,0,0,0,0,79.2,353,85,49,45,8,35,2,3,6,2,81
Cade Povich,Baltimore,Orioles,AL East,3,9,5.2,16,16,3,0,0,0,0,0,79.2,352,80,49,46,12,34,1,3,1,0,69
Michael Soroka,Chicago,White Sox,AL Central,0,10,4.74,25,9,1,0,0,0,2,1,79.2,347,66,49,42,13,44,1,3,2,2,84
Shane Baz,Tampa Bay,Rays,AL East,4,3,3.06,14,14,8,0,0,0,0,0,79.1,319,57,28,27,9,27,0,4,2,0,69
Keegan Akin,Baltimore,Orioles,AL East,3,1,3.32,66,0,0,0,0,1,6,3,78.2,313,55,31,29,9,19,1,2,4,0,97
Bryan Abreu,Houston,Astros,AL West,3,3,3.1,78,0,0,0,0,1,38,7,78.1,325,59,27,27,9,32,0,6,4,1,103
Tylor Megill,New York,Mets,NL East,4,5,4.04,16,15,3,0,0,0,0,0,78,337,70,39,35,8,32,0,4,4,0,91
Graham Ashcraft,Cincinnati,Reds,NL Central,5,5,5.24,15,15,3,0,0,0,0,0,77.1,350,89,50,45,11,27,0,6,4,0,57
Slade Cecconi,Arizona,Diamondbacks,NL West,2,7,6.66,20,13,3,0,0,0,0,0,77,338,92,57,57,16,17,1,4,2,1,64
Cody Bradford,Texas,Rangers,AL West,6,3,3.54,14,13,8,0,0,0,0,0,76.1,308,64,32,30,10,13,0,1,1,0,70
Gavin Williams,Cleveland,Guardians,AL Central,3,10,4.86,16,16,3,0,0,0,0,0,76,332,72,42,41,7,32,0,3,2,0,79
Josh Winckowski,Boston,Red Sox,AL East,4,2,4.14,40,6,0,0,0,2,4,1,76,336,81,44,35,10,26,3,4,1,0,60
Triston McKenzie,Cleveland,Guardians,AL Central,3,5,5.11,16,16,3,0,0,0,0,0,75.2,340,69,46,43,19,49,1,1,5,0,74
Walker Buehler,Los Angeles,Dodgers,NL West,1,6,5.38,16,16,3,0,0,0,0,0,75.1,344,89,52,45,16,28,0,5,3,0,64
Cade Smith,Cleveland,Guardians,AL Central,6,1,1.91,74,0,0,0,0,1,26,2,75.1,289,51,16,16,1,17,0,3,0,1,103
Hunter Gaddis,Cleveland,Guardians,AL Central,6,3,1.57,78,0,0,0,0,0,33,5,74.2,278,43,16,13,4,14,1,4,2,0,66
Emmanuel Clase,Cleveland,Guardians,AL Central,4,2,0.61,74,0,0,0,0,47,0,3,74.1,270,39,10,5,2,10,1,2,2,0,66
Joe Ross,Milwaukee,Brewers,NL Central,3,6,3.77,25,10,2,0,0,0,0,0,74,321,72,35,31,7,29,1,1,1,0,66
José Buttó,New York,Mets,NL East,7,3,2.55,30,7,3,0,0,3,4,3,74,294,41,21,21,6,38,0,5,2,1,79
Merrill Kelly,Arizona,Diamondbacks,NL West,5,1,4.03,13,13,5,0,0,0,0,0,73.2,300,67,35,33,11,19,0,2,1,2,63
Victor Vodnik,Colorado,Rockies,NL West,5,4,4.28,64,0,0,0,0,9,6,6,73.2,320,72,37,35,7,37,1,1,4,0,65
Hunter Strickland,"""Los Angeles""",Angels,AL West,3,2,3.31,72,0,0,0,0,1,12,3,73.1,294,56,31,27,10,24,1,2,1,0,57
Jared Shuster,Chicago,White Sox,AL Central,2,5,4.3,39,4,0,0,0,0,3,2,73.1,321,74,38,35,9,33,0,0,3,0,56
Justin Martinez,Arizona,Diamondbacks,NL West,5,6,2.48,64,0,0,0,0,8,7,2,72.2,308,59,26,20,2,36,6,2,8,1,91
Hogan Harris,Sacramento,Athletics,AL West,4,4,2.86,21,9,3,0,0,0,0,0,72.1,305,65,29,23,7,33,0,3,3,1,61
Trent Thornton,Seattle,Mariners,AL West,4,3,3.61,71,0,0,0,0,1,10,0,72.1,294,63,32,29,8,19,1,5,4,0,77
Hayden Birdsong,San Francisco,Giants,NL West,5,6,4.75,16,16,1,0,0,0,0,0,72,315,57,39,38,11,43,0,4,4,0,88
David Robertson,Texas,Rangers,AL West,3,4,3,68,0,0,0,0,2,34,8,72,296,53,25,24,5,27,4,5,8,1,99
Ty Blach,Colorado,Rockies,NL West,3,8,6.94,20,12,2,0,0,0,0,1,71.1,330,103,55,55,17,18,0,6,1,0,36
Cole Sands,Minnesota,Twins,AL Central,9,1,3.28,62,0,0,0,0,4,5,3,71.1,292,59,30,26,6,12,0,6,3,1,85
Josh Hader,Houston,Astros,AL West,8,8,3.8,71,0,0,0,0,34,0,4,71,278,43,33,30,12,25,0,1,4,2,105
Buck Farmer,Cincinnati,Reds,NL Central,3,2,3.04,61,1,0,0,0,1,1,1,71,299,56,25,24,7,29,6,7,1,0,70
Griffin Jax,Minnesota,Twins,AL Central,5,5,2.03,72,0,0,0,0,10,24,6,71,276,47,19,16,4,15,1,2,4,0,95
Andrew Kittredge,St. Louis,Cardinals,NL Central,5,5,2.8,74,0,0,0,0,1,37,7,70.2,287,60,26,22,10,20,2,0,0,0,67
Kevin Kelly,Tampa Bay,Rays,AL East,5,2,2.67,68,0,0,0,0,1,17,3,70.2,278,59,25,21,7,9,1,5,1,0,63
Tyler Rogers,San Francisco,Giants,NL West,3,4,2.82,77,0,0,0,0,1,32,2,70.1,290,67,23,22,7,6,2,7,1,0,51
Declan Cronin,Miami,Marlins,NL East,3,4,4.35,56,0,0,0,0,0,8,1,70.1,306,75,41,34,1,25,3,5,1,0,72
Will Vest,Detroit,Tigers,AL Central,3,4,2.82,69,0,0,0,0,2,14,6,70.1,289,61,23,22,3,18,2,3,4,0,63
Kevin Ginkel,Arizona,Diamondbacks,NL West,8,3,3.21,72,0,0,0,0,5,17,6,70,291,69,31,25,6,15,0,3,4,0,77
Raisel Iglesias,Atlanta,Braves,NL East,6,2,1.95,66,0,0,0,0,34,0,4,69.1,259,38,19,15,4,13,3,3,1,0,68
Adrian Houser,New York,Mets,NL East,1,5,5.84,23,7,0,0,0,1,1,0,69.1,309,74,48,45,8,32,0,4,2,0,45
Landon Knack,Los Angeles,Dodgers,NL West,3,5,3.65,15,12,2,0,0,1,0,0,69,286,58,28,28,14,18,0,3,1,1,69
Tayler Scott,Houston,Astros,AL West,7,3,2.23,62,1,0,0,0,0,9,3,68.2,282,45,21,17,7,35,1,4,0,0,71
Joe Jiménez,Atlanta,Braves,NL East,1,5,2.62,69,0,0,0,0,3,27,3,68.2,277,45,22,20,2,23,1,4,0,0,82
Valente Bellozo,Miami,Marlins,NL East,3,4,3.67,13,13,2,0,0,0,0,0,68.2,295,69,31,28,15,21,1,2,0,0,44
Grant Holmes,Atlanta,Braves,NL East,2,1,3.56,26,7,1,0,0,0,1,1,68.1,282,66,27,27,7,15,2,2,2,0,70
Hayden Wesneski,Chicago,Cubs,NL Central,3,6,3.86,28,7,3,0,0,0,2,1,67.2,283,56,37,29,12,21,0,2,1,1,67
Beau Brieske,Detroit,Tigers,AL Central,4,5,3.59,46,12,0,0,0,1,6,1,67.2,282,55,31,27,5,30,2,2,0,0,69
Erik Miller,San Francisco,Giants,NL West,4,5,3.88,73,10,0,0,0,0,14,3,67.1,284,50,33,29,7,38,0,1,1,0,87
Ryan Fernandez,St. Louis,Cardinals,NL Central,1,6,3.51,62,0,0,0,0,2,12,3,66.2,285,58,30,26,4,32,5,2,0,0,71
Jesús Luzardo,Miami,Marlins,NL East,3,6,5,12,12,4,0,0,0,0,0,66.2,274,61,37,37,9,22,0,2,3,0,58
Trevor Williams,Washington,Nationals,NL East,6,1,2.03,13,13,1,0,0,0,0,0,66.2,260,51,17,15,3,18,0,0,0,1,59
José Leclerc,Texas,Rangers,AL West,6,5,4.32,64,0,0,0,0,1,13,3,66.2,288,56,33,32,7,32,1,4,5,2,89
Fernando Cruz,Cincinnati,Reds,NL Central,3,8,4.86,69,3,0,0,0,0,23,3,66.2,288,54,36,36,9,35,2,1,8,0,109
Ryan Helsley,St. Louis,Cardinals,NL Central,7,4,2.04,65,0,0,0,0,49,0,4,66.1,266,50,19,15,3,23,3,0,1,0,79
Ryan Thompson,Arizona,Diamondbacks,NL West,7,5,3.26,67,0,0,0,0,2,24,7,66.1,272,64,26,24,5,15,2,1,2,0,52
Alex Vesia,Los Angeles,Dodgers,NL West,5,4,1.76,67,0,0,0,0,5,13,2,66.1,263,33,19,13,7,33,3,1,2,0,87
Jeff Hoffman,Philadelphia,Phillies,NL East,3,3,2.17,68,0,0,0,0,10,21,3,66.1,265,48,20,16,6,16,1,3,5,0,89
Jacob Barnes,Washington,Nationals,NL East,8,3,4.36,63,0,0,0,0,0,2,3,66,277,67,36,32,10,20,2,0,3,0,55
Tim Herrin,Cleveland,Guardians,AL Central,5,1,1.92,75,0,0,0,0,0,16,2,65.2,257,39,17,14,2,25,1,5,3,1,68
Brent Suter,Cincinnati,Reds,NL Central,1,0,3.15,47,3,0,0,0,2,2,0,65.2,270,63,25,23,10,12,0,3,2,0,50
Jack Kochanowicz,"""Los Angeles""",Angels,AL West,2,6,3.99,11,11,8,0,0,0,0,0,65.1,266,68,30,29,7,10,1,8,1,0,25
Mason Miller,Sacramento,Athletics,AL West,2,2,2.49,55,0,0,0,0,28,0,3,65,249,36,23,18,6,21,3,1,2,0,104
Robert Suarez,San Diego,Padres,NL West,9,3,2.77,65,0,0,0,0,36,1,6,65,258,52,21,20,7,16,1,0,1,0,59
Hoby Milner,Milwaukee,Brewers,NL Central,5,1,4.73,61,1,0,0,0,1,5,0,64.2,268,63,38,34,6,14,2,2,0,0,64
David Festa,Minnesota,Twins,AL Central,2,6,4.9,14,13,1,0,0,0,0,0,64.1,277,62,36,35,9,23,0,2,2,1,77
Tyler Kinley,Colorado,Rockies,NL West,6,1,6.19,67,0,0,0,0,12,14,1,64,285,61,44,44,11,33,2,2,6,0,72
Kyle Finnegan,Washington,Nationals,NL East,3,8,3.68,65,0,0,0,0,38,0,5,63.2,271,61,31,26,9,24,3,0,2,0,60
Adrian Morejon,San Diego,Padres,NL West,3,2,2.83,60,0,0,0,0,2,12,2,63.2,272,63,24,20,4,21,2,1,7,1,71
Osvaldo Bido,Sacramento,Athletics,AL West,5,3,3.41,16,9,4,0,0,0,1,0,63.1,259,43,25,24,3,26,1,7,3,0,63
Jesse Chavez,Atlanta,Braves,NL East,2,2,3.13,46,0,0,0,0,0,1,1,63.1,264,60,27,22,10,19,1,1,0,1,55
Greg Weissert,Boston,Red Sox,AL East,4,2,3.13,62,0,0,0,0,1,4,3,63.1,263,65,32,22,7,20,4,0,2,0,58
Daniel Hudson,Los Angeles,Dodgers,NL West,6,2,3,65,0,0,0,0,10,17,7,63,253,46,25,21,10,19,1,1,2,0,63
Orion Kerkering,Philadelphia,Phillies,NL East,5,3,2.29,64,2,0,0,0,0,14,2,63,257,51,20,16,2,17,0,8,1,0,74
Clay Holmes,New York,Yankees,AL East,3,5,3.14,67,0,0,0,0,30,2,13,63,271,60,29,22,4,22,1,3,4,0,68
Génesis Cabrera,Toronto,Blue Jays,AL East,3,3,3.59,69,0,0,0,0,2,13,3,62.2,271,63,31,25,10,29,4,2,2,2,50
Yuki Matsui,San Diego,Padres,NL West,4,2,3.73,64,0,0,0,0,0,9,4,62.2,257,46,27,26,8,27,4,0,8,0,69
Matt Strahm,Philadelphia,Phillies,NL East,6,2,1.87,66,0,0,0,0,3,18,6,62.2,237,36,14,13,4,11,1,6,2,0,79
Bryan Hudson,Milwaukee,Brewers,NL Central,6,1,1.73,43,0,0,0,0,0,14,3,62.1,231,28,12,12,7,17,0,3,1,1,62
Jared Koenig,Milwaukee,Brewers,NL Central,9,4,2.47,55,6,0,0,0,1,10,2,62,265,54,22,17,4,23,4,4,0,0,63
José Alvarado,Philadelphia,Phillies,NL East,2,5,4.09,66,0,0,0,0,13,10,3,61.2,258,49,30,28,6,28,1,1,4,0,63
Aroldis Chapman,Pittsburgh,Pirates,NL Central,5,5,3.79,68,0,0,0,0,14,22,5,61.2,265,44,31,26,5,39,0,2,4,2,98
Kirby Yates,Texas,Rangers,AL West,7,2,1.17,61,0,0,0,0,33,2,1,61.2,237,23,10,8,3,28,5,2,1,2,85
Peter Lambert,Colorado,Rockies,NL West,2,5,5.72,28,3,0,0,0,0,0,0,61.1,280,73,42,39,7,29,2,2,5,0,50
Austin Voth,Seattle,Mariners,AL West,2,5,3.69,68,0,0,0,0,0,15,2,61,248,46,31,25,9,18,0,3,0,0,61
Jeremiah Estrada,San Diego,Padres,NL West,6,3,2.95,62,0,0,0,0,1,16,3,61,252,42,22,20,4,23,1,0,5,0,94
Emerson Hancock,Seattle,Mariners,AL West,4,4,4.75,12,12,4,0,0,0,0,0,60.2,266,62,37,32,12,19,0,6,0,0,39
John King,St. Louis,Cardinals,NL Central,3,3,2.85,56,0,0,0,0,0,9,2,60,248,58,23,19,5,14,1,1,3,1,38
Taylor Rogers,San Francisco,Giants,NL West,1,4,2.4,64,0,0,0,0,0,5,0,60,249,53,22,16,7,22,0,2,0,0,64
Yennier Cano,Baltimore,Orioles,AL East,4,3,3.15,70,0,0,0,0,5,34,3,60,249,54,24,21,6,24,1,1,0,1,65
Garrett Cleavinger,Tampa Bay,Rays,AL East,7,5,3.75,68,0,0,0,0,6,15,2,60,266,52,29,25,6,31,0,7,2,0,71
Jason Foley,Detroit,Tigers,AL Central,3,6,3.15,69,0,0,0,0,28,8,4,60,250,51,28,21,5,20,2,2,1,1,46
Dylan Lee,Atlanta,Braves,NL East,4,2,2.11,52,0,0,0,0,0,9,2,59.2,240,49,19,14,7,17,4,0,0,0,76
Joe Mantiply,Arizona,Diamondbacks,NL West,6,2,3.92,75,2,0,0,0,1,16,0,59.2,243,52,27,26,1,18,7,0,3,1,53
Robert Garcia,Washington,Nationals,NL East,3,6,4.22,72,0,0,0,0,0,13,4,59.2,251,55,34,28,4,16,1,1,4,0,75
Justin Lawrence,Colorado,Rockies,NL West,4,4,6.49,56,0,0,0,0,2,5,4,59.2,279,73,52,43,9,33,1,7,3,0,45
Anthony Molina,Colorado,Rockies,NL West,1,1,6.79,35,1,0,0,0,0,2,2,59.2,264,72,46,45,5,22,1,2,5,0,41
Bryce Jarvis,Arizona,Diamondbacks,NL West,1,2,3.19,44,0,0,0,0,0,4,0,59.1,258,52,25,21,6,33,4,5,4,0,38
Andrés Muñoz,Seattle,Mariners,AL West,3,7,2.12,60,0,0,0,0,22,6,5,59.1,232,31,16,14,6,26,3,3,3,1,77
Joel Payamps,Milwaukee,Brewers,NL Central,3,7,3.05,68,0,0,0,0,6,21,3,59,235,39,23,20,7,18,4,2,0,0,59
JoJo Romero,St. Louis,Cardinals,NL Central,7,3,3.36,65,0,0,0,0,1,30,8,59,243,52,23,22,8,16,0,5,1,0,51
Camilo Doval,San Francisco,Giants,NL West,5,3,4.88,62,0,0,0,0,23,5,5,59,271,54,35,32,5,39,2,2,7,0,78
Drew Smyly,Chicago,Cubs,NL Central,4,8,3.84,50,0,0,0,0,0,10,3,58.2,257,57,29,25,10,25,3,3,5,0,56
Chris Stratton,Kansas City,Royals,AL Central,4,3,5.55,57,0,0,0,0,4,5,3,58.1,257,53,38,36,5,33,1,3,1,0,44
Jorge Alcala,Minnesota,Twins,AL Central,4,3,3.24,54,0,0,0,0,0,15,1,58.1,235,40,23,21,8,20,1,3,4,0,58
Nick Sandlin,Cleveland,Guardians,AL Central,8,0,3.75,68,1,0,0,0,1,8,3,57.2,246,46,29,24,12,27,2,6,1,0,68
David Bednar,Pittsburgh,Pirates,NL Central,3,8,5.77,62,0,0,0,0,23,3,7,57.2,262,54,40,37,9,28,3,3,2,0,58
Reed Garrett,New York,Mets,NL East,8,5,3.77,53,0,0,0,0,4,14,5,57.1,247,50,28,24,6,30,1,2,3,0,83
Alex Faedo,Detroit,Tigers,AL Central,5,3,3.61,37,6,0,0,0,0,7,3,57.1,246,49,24,23,9,28,0,3,4,0,55
Max Meyer,Miami,Marlins,NL East,3,5,5.68,11,11,3,0,0,0,0,0,57,248,62,38,36,14,19,0,3,0,0,46
Ryan Pressly,Houston,Astros,AL West,2,3,3.49,59,0,0,0,0,4,25,8,56.2,244,58,25,22,4,18,0,2,7,0,58
T.J. McFarland,Sacramento,Athletics,AL West,2,4,3.81,79,0,0,0,0,0,19,2,56.2,235,53,28,24,4,17,5,4,0,0,39
Jacob Webb,Baltimore,Orioles,AL East,2,5,3.02,60,0,0,0,0,2,14,1,56.2,237,40,23,19,4,27,1,1,0,0,58
Zack Kelly,Boston,Red Sox,AL East,6,3,3.97,49,3,0,0,0,0,8,1,56.2,241,44,31,25,10,27,3,2,2,1,61
James McArthur,Kansas City,Royals,AL Central,5,7,4.92,57,0,0,0,0,18,2,7,56.2,247,68,36,31,8,14,2,3,1,0,49
Pierce Johnson,Atlanta,Braves,NL East,6,6,3.67,58,0,0,0,0,2,12,4,56.1,236,48,25,23,6,25,1,2,2,0,67
Alexis Díaz,Cincinnati,Reds,NL Central,2,5,3.99,60,0,0,0,0,28,0,4,56.1,242,42,31,25,6,31,1,6,1,1,55
Bobby Miller,Los Angeles,Dodgers,NL West,2,4,8.52,13,13,2,0,0,0,0,0,56,258,69,53,53,17,30,0,2,7,0,52
Adam Ottavino,New York,Mets,NL East,2,2,4.34,60,0,0,0,0,1,15,2,56,245,49,29,27,6,23,1,7,5,0,70
Shelby Miller,Detroit,Tigers,AL Central,6,8,4.53,51,0,0,0,0,2,5,7,55.2,225,41,31,28,9,13,0,5,1,0,49
Aaron Bummer,Atlanta,Braves,NL East,4,3,3.58,56,0,0,0,0,0,2,3,55.1,244,61,24,22,2,18,2,2,2,0,69
Ben Brown,Chicago,Cubs,NL Central,1,3,3.58,15,8,2,0,0,0,1,0,55.1,222,41,22,22,5,19,0,1,2,0,64
Keaton Winn,San Francisco,Giants,NL West,3,8,7.16,12,12,4,0,0,0,0,0,55.1,238,56,44,44,9,20,0,4,1,0,48
Justin Slaten,Boston,Red Sox,AL East,6,2,2.93,44,0,0,0,0,2,13,3,55.1,224,47,21,18,4,9,0,2,4,0,58
Scott Barlow,Cleveland,Guardians,AL Central,3,3,4.25,63,0,0,0,0,2,19,1,55,241,44,27,26,6,31,1,4,2,0,68
Evan Phillips,Los Angeles,Dodgers,NL West,5,1,3.62,61,0,0,0,0,18,9,4,54.2,228,48,30,22,6,17,1,1,1,0,63
Kyle Nicolas,Pittsburgh,Pirates,NL Central,2,2,3.95,51,0,0,0,0,0,7,0,54.2,243,51,30,24,4,31,1,4,7,1,55
Kenley Jansen,Boston,Red Sox,AL East,4,2,3.29,54,0,0,0,0,27,0,4,54.2,218,38,20,20,4,20,2,1,2,2,62
Spencer Turnbull,Philadelphia,Phillies,NL East,3,0,2.65,17,7,2,0,0,0,1,0,54.1,222,37,17,16,6,20,0,5,2,0,58
Jhoan Duran,Minnesota,Twins,AL Central,6,9,3.64,58,0,0,0,0,23,7,2,54.1,228,48,30,22,4,15,2,6,1,1,66
Calvin Faucher,Miami,Marlins,NL East,2,3,3.19,53,0,0,0,0,6,11,2,53.2,235,49,25,19,0,26,3,4,5,0,63
Edwin Díaz,New York,Mets,NL East,6,4,3.52,54,0,0,0,0,20,2,7,53.2,216,36,23,21,7,20,0,3,3,0,84
Cionel Pérez,Baltimore,Orioles,AL East,2,0,4.53,62,0,0,0,0,2,22,1,53.2,238,47,29,27,0,28,0,5,6,0,46
Angel Zerpa,Kansas City,Royals,AL Central,2,0,3.86,60,0,0,0,0,0,12,1,53.2,239,59,24,23,6,19,2,2,3,0,49
Chad Green,Toronto,Blue Jays,AL East,4,6,3.21,53,0,0,0,0,17,7,3,53.1,210,41,20,19,8,14,3,2,1,0,46
Chad Kuhl,Chicago,White Sox,AL Central,0,2,5.06,31,1,0,0,0,1,1,2,53.1,240,56,33,30,5,25,1,6,6,0,54
Justin Anderson,Chicago,White Sox,AL Central,1,2,4.39,56,0,0,0,0,1,5,5,53.1,242,48,29,26,5,32,1,3,1,0,57
Anthony Bender,Miami,Marlins,NL East,5,2,4.08,59,0,0,0,0,1,15,4,53,228,50,25,24,3,18,1,4,2,0,59
Seth Martinez,Houston,Astros,AL West,3,2,3.59,44,0,0,0,0,1,3,0,52.2,222,49,24,21,7,18,1,4,0,2,36
José Suarez,"""Los Angeles""",Angels,AL West,1,2,6.02,22,3,0,0,0,1,0,0,52.1,240,57,38,35,7,27,0,4,1,0,56
Randy Rodríguez,San Francisco,Giants,NL West,3,2,4.3,35,1,0,0,0,0,5,1,52.1,221,47,29,25,4,18,0,3,4,0,53
Craig Kimbrel,Baltimore,Orioles,AL East,7,5,5.33,57,0,0,0,0,23,4,6,52.1,232,40,35,31,7,31,1,5,3,1,73
John Schreiber,Kansas City,Royals,AL Central,4,3,3.66,59,0,0,0,0,2,23,3,51.2,224,48,23,21,1,20,1,4,1,0,46
Tyler Ferguson,Sacramento,Athletics,AL West,4,2,3.68,48,0,0,0,0,2,11,2,51.1,207,32,23,21,4,24,2,2,1,1,62
Elvis Peguero,Milwaukee,Brewers,NL Central,7,4,2.98,52,0,0,0,0,2,11,4,51.1,227,52,22,17,4,27,3,2,6,1,47
Colin Holderman,Pittsburgh,Pirates,NL Central,3,6,3.16,55,0,0,0,0,0,21,5,51.1,223,42,23,18,6,25,0,5,2,0,56
Michael Grove,Los Angeles,Dodgers,NL West,4,4,5.12,39,2,0,0,0,0,7,0,51,216,46,31,29,6,16,0,6,2,0,54
Tanner Rainey,Washington,Nationals,NL East,0,0,4.76,50,0,0,0,0,0,0,0,51,231,47,28,27,8,29,1,4,5,0,44
José Ruiz,Philadelphia,Phillies,NL East,5,1,3.71,52,0,0,0,0,1,0,0,51,217,51,23,21,8,17,1,1,0,0,52
Brennan Bernardino,Boston,Red Sox,AL East,4,3,4.06,57,3,0,0,0,0,14,2,51,226,50,25,23,6,22,6,6,7,0,56
Carmen Mlodzinski,Pittsburgh,Pirates,NL Central,5,5,3.38,40,4,0,0,0,0,5,2,50.2,209,41,22,19,3,19,1,2,1,0,46
Landen Roupp,San Francisco,Giants,NL West,1,2,3.58,23,4,0,0,0,0,1,0,50.1,217,43,21,20,2,26,0,1,3,2,47
Eduardo Rodriguez,Arizona,Diamondbacks,NL West,3,4,5.04,10,10,1,0,0,0,0,0,50,224,56,29,28,8,19,1,1,0,0,47
Davis Martin,Chicago,White Sox,AL Central,0,5,4.32,11,10,2,0,0,0,0,0,50,220,50,25,24,5,23,0,5,2,0,47
Bryce Elder,Atlanta,Braves,NL East,2,5,6.52,10,10,3,0,0,0,0,0,49.2,226,64,37,36,8,17,0,2,3,0,46
Anthony Banda,Los Angeles,Dodgers,NL West,3,2,3.08,48,2,0,0,0,2,8,2,49.2,209,44,19,17,5,18,6,2,1,0,50
Andrew Nardi,Miami,Marlins,NL East,3,2,5.07,59,0,0,0,0,0,15,6,49.2,210,44,29,28,7,18,1,1,1,0,70
Louis Varland,Minnesota,Twins,AL Central,0,6,7.61,16,7,1,0,0,0,0,0,49.2,238,68,44,42,12,16,1,4,0,0,49
Kyle Muller,Sacramento,Athletics,AL West,0,1,4.01,21,0,0,0,0,0,0,0,49.1,202,48,25,22,6,10,3,1,1,0,36
Kyle Leahy,St. Louis,Cardinals,NL Central,1,1,4.07,33,0,0,0,0,1,3,0,48.2,191,40,23,22,4,10,0,1,3,0,33
Spencer Bivens,San Francisco,Giants,NL West,3,1,3.14,27,2,0,0,0,1,2,0,48.2,202,47,20,17,9,11,1,1,0,0,37
Matt Moore,"""Los Angeles""",Angels,AL West,5,3,5.03,51,0,0,0,0,1,10,1,48.1,210,39,31,27,11,26,2,2,1,0,41
Zach Pop,Toronto,Blue Jays,AL East,2,4,5.59,58,0,0,0,0,1,10,3,48.1,209,45,36,30,9,19,4,2,1,1,33
Joe Boyle,Sacramento,Athletics,AL West,3,6,6.42,13,10,1,0,0,0,1,0,47.2,226,42,35,34,4,40,0,4,7,1,56
Christian Scott,New York,Mets,NL East,0,3,4.56,9,9,3,0,0,0,0,0,47.1,197,45,24,24,8,12,0,2,0,0,39
Caleb Thielbar,Minnesota,Twins,AL Central,2,4,5.32,59,0,0,0,0,3,9,0,47.1,216,50,33,28,6,24,2,0,2,0,53
Blake Treinen,Los Angeles,Dodgers,NL West,7,3,1.93,50,0,0,0,0,1,16,4,46.2,184,33,11,10,5,11,0,2,1,0,56
Stephen Kolek,San Diego,Padres,NL West,3,0,5.21,42,0,0,0,0,0,2,1,46.2,211,59,30,27,4,12,0,3,2,0,39
Justin Wilson,Cincinnati,Reds,NL Central,1,5,5.59,60,0,0,0,0,2,10,2,46.2,209,55,30,29,10,13,1,2,3,0,51
Trevor Megill,Milwaukee,Brewers,NL Central,1,3,2.72,48,0,0,0,0,21,6,3,46.1,183,33,16,14,4,14,4,1,4,0,50
Jordan Wicks,Chicago,Cubs,NL Central,2,4,5.48,11,10,1,0,0,0,0,0,46,212,55,31,28,9,20,0,2,3,0,42
Brendon Little,Toronto,Blue Jays,AL East,1,2,3.74,49,0,0,0,0,1,7,3,45.2,193,41,21,19,7,19,2,1,5,0,36
Shawn Dubin,Houston,Astros,AL West,1,1,4.17,31,2,0,0,0,2,0,0,45.1,207,45,25,21,3,26,0,2,1,0,49
Pete Fairbanks,Tampa Bay,Rays,AL East,3,3,3.57,46,0,0,0,0,23,1,4,45.1,185,36,20,18,4,17,2,0,2,1,44
Brant Hurter,Detroit,Tigers,AL Central,6,1,2.58,10,1,0,0,0,0,0,0,45.1,175,34,13,13,4,6,0,0,0,1,38
Steven Matz,St. Louis,Cardinals,NL Central,1,2,5.08,12,7,0,0,0,0,0,0,44.1,190,49,28,25,7,15,1,2,1,0,33
Chris Martin,Boston,Red Sox,AL East,3,1,3.45,45,0,0,0,0,2,15,4,44.1,180,47,22,17,5,3,1,3,2,0,50
Drew Thorpe,Chicago,White Sox,AL Central,3,3,5.48,9,9,5,0,0,0,0,0,44.1,190,35,29,27,8,21,0,1,0,1,25
Jhony Brito,San Diego,Padres,NL West,1,2,4.12,26,0,0,0,0,0,0,3,43.2,185,49,23,20,4,10,1,0,1,0,29
Jacob Latz,Texas,Rangers,AL West,2,3,3.71,46,0,0,0,0,0,9,3,43.2,192,39,20,18,6,27,3,1,4,0,40
Max Scherzer,Texas,Rangers,AL West,2,4,3.95,9,9,3,0,0,0,0,0,43.1,177,40,20,19,7,10,0,1,2,0,40
Daniel Lynch IV,Kansas City,Royals,AL Central,2,0,3.32,16,3,0,0,0,1,0,0,43.1,174,29,17,16,6,14,0,4,0,0,39
DL Hall,Milwaukee,Brewers,NL Central,1,2,5.02,13,7,1,0,0,0,1,0,43,197,48,26,24,6,21,0,4,1,0,44
Porter Hodge,Chicago,Cubs,NL Central,3,1,1.88,39,0,0,0,0,9,9,3,43,164,19,10,9,2,19,0,1,1,0,52
Cam Booser,Boston,Red Sox,AL East,2,3,3.38,43,0,0,0,0,1,5,2,42.2,183,41,17,16,5,16,1,0,0,0,43
Sam Long,Kansas City,Royals,AL Central,3,3,3.16,43,0,0,0,0,1,7,1,42.2,176,34,17,15,5,17,1,1,3,1,44
Tommy Kahnle,New York,Yankees,AL East,0,2,2.11,50,0,0,0,0,1,16,0,42.2,179,30,16,10,5,19,1,2,1,0,46
Adam Oller,Miami,Marlins,NL East,2,4,5.31,8,8,1,0,0,0,0,0,42.1,189,43,25,25,7,22,0,2,1,0,36
Eli Morgan,Cleveland,Guardians,AL Central,3,0,1.93,32,0,0,0,0,0,1,0,42,167,30,11,9,4,11,1,1,0,0,34
Collin Snider,Seattle,Mariners,AL West,3,4,1.94,42,0,0,0,0,0,9,2,41.2,169,36,14,9,5,13,2,0,1,0,47
Jordan Weems,Washington,Nationals,NL East,1,1,6.7,41,0,0,0,0,0,4,2,41.2,196,49,35,31,7,24,0,2,1,0,35
Edwin Uceta,Tampa Bay,Rays,AL East,2,0,1.51,30,0,0,0,0,5,7,0,41.2,159,26,8,7,2,8,0,1,0,0,57
Austin Adams,Sacramento,Athletics,AL West,1,2,3.92,56,0,0,0,0,0,22,4,41.1,191,38,20,18,4,23,2,13,6,0,53
Will Smith,Kansas City,Royals,AL Central,0,4,6.53,45,0,0,0,0,1,8,1,41.1,186,45,31,30,7,15,2,3,0,0,29
Luis Medina,Sacramento,Athletics,AL West,2,4,5.18,8,8,1,0,0,0,0,0,40,180,43,24,23,4,20,1,1,5,0,32
Jake Bird,Colorado,Rockies,NL West,2,2,4.5,35,0,0,0,0,1,4,2,40,185,43,21,20,5,25,1,4,1,0,31
Paul Sewald,Arizona,Diamondbacks,NL West,1,2,4.31,42,0,0,0,0,16,1,4,39.2,165,35,19,19,6,10,1,3,0,0,43
Matthew Boyd,Cleveland,Guardians,AL Central,2,2,2.72,8,8,3,0,0,0,0,0,39.2,166,32,16,12,4,13,0,2,0,1,46
Alex Wood,Sacramento,Athletics,AL West,1,3,5.26,9,9,1,0,0,0,0,0,39.1,186,51,27,23,6,19,1,5,0,1,33
Erik Swanson,Toronto,Blue Jays,AL East,2,2,5.03,45,0,0,0,0,0,9,1,39.1,168,36,22,22,11,14,0,1,0,1,37
Kyle Bradish,Baltimore,Orioles,AL East,2,0,2.75,8,8,2,0,0,0,0,0,39.1,163,27,12,12,2,15,0,3,2,0,53
Scott Alexander,Sacramento,Athletics,AL West,1,3,2.56,45,0,0,0,0,0,10,3,38.2,160,31,14,11,3,15,7,2,2,0,31
Joey Cantillo,Cleveland,Guardians,AL Central,2,4,4.89,9,8,1,0,0,0,0,0,38.2,163,35,22,21,6,15,0,0,4,0,44
Tayler Saucedo,Seattle,Mariners,AL West,2,0,3.49,53,0,0,0,0,3,7,2,38.2,166,35,15,15,3,18,3,2,1,0,38
Rafael Montero,Houston,Astros,AL West,1,2,4.7,41,0,0,0,0,0,10,3,38.1,164,35,21,20,8,19,0,3,0,0,23
Tommy Henry,Arizona,Diamondbacks,NL West,2,3,7.04,9,7,1,0,0,0,0,0,38.1,182,49,31,30,9,18,0,4,0,0,30
Wandy Peralta,San Diego,Padres,NL West,3,2,3.99,46,0,0,0,0,0,11,1,38.1,162,33,19,17,6,13,0,5,2,0,22
Emilio Pagán,Cincinnati,Reds,NL Central,4,5,4.5,38,1,0,0,0,1,7,1,38,158,40,20,19,6,11,0,0,0,1,44
Jake Cousins,New York,Yankees,AL East,2,1,2.37,37,0,0,0,0,1,8,0,38,155,20,14,10,5,20,1,5,4,0,53
Danny Young,New York,Mets,NL East,4,1,4.54,42,0,0,0,0,0,7,0,37.2,165,29,22,19,3,18,1,7,5,0,48
Hunter Stratton,Pittsburgh,Pirates,NL Central,2,1,3.58,36,0,0,0,0,1,5,2,37.2,158,37,17,15,3,7,0,3,2,0,33
Manuel Rodríguez,Tampa Bay,Rays,AL East,3,4,2.15,40,0,0,0,0,2,10,1,37.2,158,29,13,9,3,11,1,5,2,0,34
Sam Moll,Cincinnati,Reds,NL Central,3,2,3.35,48,0,0,0,0,0,11,0,37.2,152,27,16,14,3,14,2,2,0,0,38
Zebby Matthews,Minnesota,Twins,AL Central,1,4,6.69,9,9,0,0,0,0,0,0,37.2,177,51,31,28,11,11,0,2,1,0,43
Ian Hamilton,New York,Yankees,AL East,0,1,3.82,35,0,0,0,0,1,11,1,37.2,163,37,17,16,2,14,0,3,0,0,41
Colin Poche,Tampa Bay,Rays,AL East,1,2,3.86,43,0,0,0,0,2,20,2,37.1,153,30,16,16,7,13,2,0,1,0,33
Braxton Garrett,Miami,Marlins,NL East,2,2,5.35,7,7,2,1,1,0,0,0,37,161,40,24,22,5,4,0,5,1,0,34
Tyler Phillips,Philadelphia,Phillies,NL East,4,1,6.87,8,7,2,1,1,0,0,0,36.2,160,45,28,28,9,7,0,2,0,0,28
Justin Wrobleski,Los Angeles,Dodgers,NL West,1,2,5.7,8,6,0,0,0,1,0,0,36.1,154,34,24,23,9,16,0,1,1,0,26
Mason Black,San Francisco,Giants,NL West,1,5,6.44,9,8,0,0,0,0,0,0,36.1,169,46,26,26,7,15,0,3,0,0,31
Sixto Sánchez,Miami,Marlins,NL East,0,3,6.06,14,7,0,0,0,0,1,1,35.2,162,43,29,24,3,14,0,3,1,1,17
Jack Leiter,Texas,Rangers,AL West,0,3,8.83,9,6,0,0,0,0,0,0,35.2,173,44,39,35,7,17,0,3,3,0,31
Nick Anderson,Kansas City,Royals,AL Central,3,1,4.04,37,0,0,0,0,1,2,0,35.2,153,35,17,16,6,15,1,1,1,0,29
Nick Nastrini,Chicago,White Sox,AL Central,0,7,7.07,9,8,1,0,0,0,0,0,35.2,174,32,33,28,7,36,0,1,3,0,26
Steven Okert,Minnesota,Twins,AL Central,3,2,5.09,44,1,0,0,0,1,7,6,35.1,160,37,22,20,6,16,3,3,2,0,33
Dedniel Núñez,New York,Mets,NL East,2,0,2.31,25,0,0,0,0,1,9,1,35,135,24,11,9,3,8,1,0,1,2,48
Ben Joyce,"""Los Angeles""",Angels,AL West,2,0,2.08,31,1,0,0,0,4,8,0,34.2,142,26,8,8,1,14,0,4,4,0,33
Cristian Javier,Houston,Astros,AL West,3,1,3.89,7,7,3,0,0,0,0,0,34.2,150,30,16,15,4,19,0,0,1,0,27
Kody Funderburk,Minnesota,Twins,AL Central,1,0,6.49,27,0,0,0,0,1,5,0,34.2,161,41,26,25,4,15,0,5,4,1,32
Steven Wilson,Chicago,White Sox,AL Central,1,6,5.71,40,0,0,0,0,0,9,1,34.2,163,29,29,22,8,26,6,3,1,1,34
A.J. Minter,Atlanta,Braves,NL East,5,4,2.62,39,0,0,0,0,1,9,3,34.1,134,24,10,10,6,11,1,1,0,0,35
Chris Roycroft,St. Louis,Cardinals,NL Central,1,2,4.19,27,0,0,0,0,0,1,1,34.1,155,31,19,16,2,17,0,4,1,0,33
Tanner Gordon,Colorado,Rockies,NL West,0,6,8.65,8,8,1,0,0,0,0,0,34.1,160,53,34,33,10,6,0,2,0,0,26
Michel Otañez,Sacramento,Athletics,AL West,1,0,3.44,36,0,0,0,0,1,6,2,34,151,27,15,13,2,20,0,3,6,0,55
J.T. Ginn,Sacramento,Athletics,AL West,1,1,4.24,8,6,1,0,0,0,0,0,34,142,36,16,16,4,9,1,2,0,0,29
Adam Mazur,San Diego,Padres,NL West,1,3,7.49,8,8,1,0,0,0,0,0,33.2,158,40,28,28,6,21,0,2,0,0,22
Marco Gonzales,Pittsburgh,Pirates,NL Central,1,1,4.54,7,7,2,0,0,0,0,0,33.2,151,43,17,17,5,11,0,0,0,0,23
Jeffrey Springs,Tampa Bay,Rays,AL East,2,2,3.27,7,7,1,0,0,0,0,0,33,142,34,12,12,5,11,0,1,0,0,37
Ryan Burr,Toronto,Blue Jays,AL East,0,2,4.13,34,4,0,0,0,0,3,1,32.2,140,29,16,15,4,12,0,1,0,0,47
Scott McGough,Arizona,Diamondbacks,NL West,1,3,7.44,26,2,0,0,0,0,1,2,32.2,150,34,30,27,6,21,0,1,1,1,25
Joe Kelly,Los Angeles,Dodgers,NL West,1,1,4.78,35,0,0,0,0,0,13,2,32,143,31,19,17,4,16,1,5,3,2,35
Jake Diekman,New York,Mets,NL East,2,3,5.63,43,0,0,0,0,4,8,3,32,145,23,24,20,7,24,0,4,2,0,40
Jose A. Ferrer,Washington,Nationals,NL East,1,0,3.38,31,0,0,0,0,1,6,1,32,129,27,12,12,1,6,0,2,1,1,25
Kyle Tyler,Miami,Marlins,NL East,0,2,5.4,8,7,0,0,0,0,0,0,31.2,142,37,19,19,4,18,0,1,1,0,25
Julian Aguiar,Cincinnati,Reds,NL Central,2,1,6.25,7,7,2,0,0,0,0,0,31.2,140,30,22,22,8,12,1,5,1,0,19
Angel Chivilli,Colorado,Rockies,NL West,2,3,4.55,30,0,0,0,0,1,7,2,31.2,133,31,17,16,7,10,0,1,0,0,28
Michael Kelly,Sacramento,Athletics,AL West,3,2,2.59,28,0,0,0,0,0,4,0,31.1,128,27,11,9,2,10,1,3,1,0,22
Josh Fleming,Pittsburgh,Pirates,NL Central,1,1,4.02,25,3,0,0,0,1,1,0,31.1,138,34,18,14,3,14,0,1,1,0,17
Jordan Leasure,Chicago,White Sox,AL Central,0,2,6.32,33,0,0,0,0,2,9,4,31.1,142,32,22,22,6,18,0,1,3,0,26
Robbie Ray,San Francisco,Giants,NL West,3,2,4.7,7,7,2,0,0,0,0,0,30.2,129,20,16,16,6,15,0,6,4,0,43
Rhett Lowder,Cincinnati,Reds,NL Central,2,2,1.17,6,6,1,0,0,0,0,0,30.2,128,25,4,4,0,14,0,0,0,0,22
Davis Daniel,"""Los Angeles""",Angels,AL West,1,4,6.23,6,6,1,0,0,0,0,0,30.1,134,39,22,21,5,6,0,1,0,1,28
Keegan Thompson,Chicago,Cubs,NL Central,2,1,2.67,24,0,0,0,0,2,2,0,30.1,127,19,12,9,3,18,0,0,0,0,36
Kris Bubic,Kansas City,Royals,AL Central,1,1,2.67,27,0,0,0,0,1,7,3,30.1,121,26,12,9,2,5,3,0,1,0,39
Clayton Kershaw,Los Angeles,Dodgers,NL West,2,2,4.5,7,7,1,0,0,0,0,0,30,133,36,19,15,2,9,1,2,2,1,24
Yonny Chirinos,Miami,Marlins,NL East,0,2,6.3,6,6,0,0,0,0,0,0,30,144,43,21,21,7,13,0,3,1,0,25
Tony Santillan,Cincinnati,Reds,NL Central,3,3,3,29,1,0,0,0,0,4,2,30,122,21,11,10,4,9,0,0,1,0,46
Carlos Hernández,Kansas City,Royals,AL Central,0,1,3.3,27,0,0,0,0,0,1,1,30,129,24,14,11,1,16,0,1,1,0,27
Danny Coulombe,Baltimore,Orioles,AL East,1,0,2.12,33,0,0,0,0,1,13,1,29.2,107,15,7,7,3,5,0,0,2,0,32
George Soriano,Miami,Marlins,NL East,1,1,6.75,22,0,0,0,0,1,2,3,29.1,131,27,23,22,7,13,0,4,3,0,29
Brenan Hanifee,Detroit,Tigers,AL Central,1,1,1.84,21,3,0,0,0,0,7,1,29.1,120,27,7,6,2,6,0,0,0,0,23
Drew Rasmussen,Tampa Bay,Rays,AL East,0,2,2.83,16,4,0,0,0,1,3,0,28.2,116,25,10,9,0,6,0,0,1,0,35
Aaron Ashby,Milwaukee,Brewers,NL Central,1,2,2.86,14,2,0,0,0,0,3,0,28.1,119,20,13,9,2,10,0,0,1,0,33
Yilber Díaz,Arizona,Diamondbacks,NL West,1,1,3.81,7,4,2,0,0,0,0,0,28.1,119,27,13,12,3,12,0,0,1,0,19
Robert Gasser,Milwaukee,Brewers,NL Central,2,0,2.57,5,5,2,0,0,0,0,0,28,114,28,9,8,2,1,0,3,0,0,16
Logan Allen,Arizona,Diamondbacks,NL West,0,1,5.46,12,0,0,0,0,1,1,0,28,128,32,17,17,3,10,0,2,0,0,21
Ryan Brasier,Los Angeles,Dodgers,NL West,1,0,3.54,29,4,0,0,0,0,6,2,28,110,22,12,11,3,5,0,0,1,0,25
Eduard Bazardo,Seattle,Mariners,AL West,2,0,4.88,23,0,0,0,0,0,0,0,27.2,108,20,15,15,2,9,0,0,3,0,33
Matt Manning,Detroit,Tigers,AL Central,0,1,4.88,5,5,0,0,0,0,0,0,27.2,123,31,15,15,3,12,0,0,1,0,23
Bryan Sammons,Detroit,Tigers,AL Central,1,1,3.62,6,0,0,0,0,0,0,0,27.1,104,16,11,11,6,9,0,1,0,0,18
Kolby Allard,Philadelphia,Phillies,NL East,2,0,5,7,4,0,0,0,0,0,0,27,117,34,15,15,5,8,0,0,0,0,23
Aaron Brooks,Sacramento,Athletics,AL West,0,2,5.06,5,4,2,0,0,0,0,0,26.2,119,33,19,15,4,8,0,1,0,0,12
Ethan Roberts,Chicago,Cubs,NL Central,1,1,3.71,21,0,0,0,0,0,1,0,26.2,118,31,11,11,3,10,0,1,1,0,26
Grant Anderson,Texas,Rangers,AL West,0,1,8.1,23,0,0,0,0,1,1,1,26.2,120,33,24,24,11,10,3,1,0,0,29
Chris Devenski,Tampa Bay,Rays,AL East,2,1,6.75,19,0,0,0,0,0,0,2,26.2,122,28,25,20,9,14,0,0,1,0,24
Bryan King,Houston,Astros,AL West,1,0,2.39,28,0,0,0,0,0,0,0,26.1,109,20,7,7,1,10,0,3,0,0,32
Gerson Garabito,Texas,Rangers,AL West,0,2,4.78,18,2,0,0,0,0,0,1,26.1,115,23,15,14,4,12,0,4,1,0,22
Jay Jackson,Minnesota,Twins,AL Central,1,2,7.52,20,0,0,0,0,0,1,0,26.1,114,28,24,22,7,9,0,0,0,0,29
Luke Little,Chicago,Cubs,NL Central,3,1,3.46,30,1,0,0,0,0,3,0,26,109,15,11,10,1,18,1,4,3,0,28
Yunior Marte,Philadelphia,Phillies,NL East,0,0,6.92,23,0,0,0,0,0,2,1,26,127,34,22,20,5,15,0,0,3,0,23
Dany Jiménez,Sacramento,Athletics,AL West,1,3,4.91,25,0,0,0,0,1,5,2,25.2,117,21,18,14,6,19,0,1,0,0,25
Hans Crouse,"""Los Angeles""",Angels,AL West,4,3,2.84,25,0,0,0,0,0,1,1,25.1,107,14,10,8,2,17,1,2,1,0,34
J.P. France,Houston,Astros,AL West,0,3,7.46,5,5,0,0,0,0,0,0,25.1,121,31,21,21,5,12,0,1,3,1,22
Logan Gilbert,Seattle,Mariners,AL West,9,12,3.23,33,33,22,1,0,0,0,0,208.2,803,148,83,75,26,37,1,4,11,0,220
Seth Lugo,Kansas City,Royals,AL Central,16,9,3,33,33,22,1,0,0,0,0,206.2,836,177,75,69,16,48,1,9,4,0,181
Logan Webb,San Francisco,Giants,NL West,13,10,3.47,33,33,20,1,1,0,0,0,204.2,841,202,83,79,11,50,3,2,4,1,172
Zack Wheeler,Philadelphia,Phillies,NL East,16,7,2.57,32,32,26,0,0,0,0,0,200,787,139,62,57,20,52,0,8,8,0,224
Aaron Nola,Philadelphia,Phillies,NL East,14,8,3.57,33,33,20,1,1,0,0,0,199.1,820,189,84,79,30,50,0,3,2,0,197
Corbin Burnes,Baltimore,Orioles,AL East,15,9,2.92,32,32,22,0,0,0,0,0,194.1,784,165,76,63,22,48,0,2,7,3,181
José Berríos,Toronto,Blue Jays,AL East,16,11,3.6,32,32,21,1,0,0,0,0,192.1,786,168,79,77,31,54,1,13,1,0,153
Tarik Skubal,Detroit,Tigers,AL Central,18,4,2.39,31,31,22,0,0,0,0,0,192,753,142,54,51,15,35,0,9,2,0,228
George Kirby,Seattle,Mariners,AL West,14,11,3.53,33,33,20,0,0,0,0,0,191,778,181,82,75,22,23,0,7,5,1,179
Dylan Cease,San Diego,Padres,NL West,14,11,3.47,33,33,16,1,1,0,0,0,189.1,762,137,80,73,18,65,0,2,12,0,224
Jake Irvin,Washington,Nationals,NL East,10,14,4.41,33,33,16,0,0,0,0,0,187.2,769,173,97,92,29,52,1,4,5,1,156
Cole Ragans,Kansas City,Royals,AL Central,11,9,3.14,32,32,21,1,0,0,0,0,186.1,762,146,71,65,15,67,1,6,11,0,223
Pablo López,Minnesota,Twins,AL Central,15,10,4.08,32,32,18,0,0,0,0,0,185.1,772,180,90,84,26,41,0,8,3,0,198
Kutter Crawford,Boston,Red Sox,AL East,9,16,4.36,33,33,15,0,0,0,0,0,183.2,759,155,97,89,34,51,0,9,4,0,175
Luis Severino,New York,Mets,NL East,11,7,3.91,31,31,14,1,1,0,0,0,182,761,166,86,79,23,60,0,11,6,2,161
Brandon Pfaadt,Arizona,Diamondbacks,NL West,11,10,4.71,32,32,13,0,0,0,0,0,181.2,760,183,103,95,24,42,1,4,1,0,185
Sean Manaea,New York,Mets,NL East,12,6,3.47,32,32,15,0,0,0,0,0,181.2,738,134,75,70,21,63,0,9,4,0,184
Cristopher Sánchez,Philadelphia,Phillies,NL East,11,9,3.32,31,31,17,2,1,0,0,0,181.2,754,182,76,67,11,44,0,0,7,1,153
Kevin Gausman,Toronto,Blue Jays,AL East,14,11,3.83,31,31,16,2,1,0,0,0,181,756,165,86,77,20,56,0,2,3,2,162
JP Sears,Sacramento,Athletics,AL West,11,13,4.38,32,32,13,0,0,0,0,0,180.2,758,172,93,88,28,49,0,14,0,1,137
Bryce Miller,Seattle,Mariners,AL West,12,8,2.94,31,31,18,0,0,0,0,0,180.1,704,131,62,59,21,45,1,3,2,0,171
Brady Singer,Kansas City,Royals,AL Central,9,13,3.71,32,32,13,0,0,0,0,0,179.2,762,175,77,74,22,54,0,10,2,0,170
Tyler Anderson,"""Los Angeles""",Angels,AL West,10,15,3.81,31,31,12,0,0,0,0,0,179.1,765,158,83,76,24,73,2,7,3,1,142
Tanner Houck,Boston,Red Sox,AL East,9,10,3.12,30,30,19,1,1,0,0,0,178.2,743,156,75,62,11,48,1,16,2,0,154
Bailey Ober,Minnesota,Twins,AL Central,12,9,3.98,31,31,18,1,0,0,0,0,178.2,709,136,81,79,27,43,0,6,1,0,191
Mitch Keller,Pittsburgh,Pirates,NL Central,11,12,4.25,31,31,15,1,0,0,0,0,178,773,182,90,84,23,50,0,15,1,2,166
Chris Sale,Atlanta,Braves,NL East,18,3,2.38,29,29,18,0,0,0,0,0,177.2,702,141,48,47,9,39,0,8,4,1,225
Framber Valdez,Houston,Astros,AL West,15,7,2.91,28,28,17,1,0,0,0,0,176.1,703,140,60,57,13,55,0,6,8,1,169
Luis Castillo,Seattle,Mariners,AL West,11,12,3.64,30,30,18,0,0,0,0,0,175.1,719,158,73,71,25,47,2,5,0,0,175
Carlos Rodón,New York,Yankees,AL East,16,9,3.96,32,32,16,0,0,0,0,0,175,736,157,81,77,31,57,0,10,3,2,195
Patrick Corbin,Washington,Nationals,NL East,6,13,5.62,32,32,9,0,0,0,0,0,174.2,764,208,114,109,25,54,1,3,3,0,139
Max Fried,Atlanta,Braves,NL East,11,10,3.25,29,29,16,2,1,0,0,0,174.1,714,146,71,63,13,57,0,7,6,0,166
Nestor Cortes,New York,Yankees,AL East,9,10,3.77,31,30,13,0,0,0,0,0,174.1,710,162,74,73,24,39,0,4,2,1,162
Freddy Peralta,Milwaukee,Brewers,NL Central,11,9,3.68,32,32,11,0,0,0,0,0,173.2,725,143,74,71,26,68,0,10,8,1,200
Tanner Bibee,Cleveland,Guardians,AL Central,12,8,3.47,31,31,12,0,0,0,0,0,173.2,710,150,70,67,22,44,0,8,2,0,187
Michael King,San Diego,Padres,NL West,13,9,2.95,31,30,14,0,0,0,0,0,173.2,726,144,71,57,17,63,2,7,1,0,201
Shota Imanaga,Chicago,Cubs,NL Central,15,3,2.91,29,29,19,0,0,0,0,0,173.1,694,149,66,56,27,28,0,3,3,0,174
Griffin Canning,"""Los Angeles""",Angels,AL West,6,13,5.19,32,31,7,0,0,0,0,0,171.2,739,174,105,99,31,66,1,6,6,4,130
Miles Mikolas,St. Louis,Cardinals,NL Central,10,11,5.35,32,32,15,0,0,0,0,0,171.2,720,194,106,102,26,25,0,5,0,1,122
Chris Bassitt,Toronto,Blue Jays,AL East,10,14,4.16,31,31,12,0,0,0,0,0,171,758,180,91,79,18,70,2,16,2,2,168
Nathan Eovaldi,Texas,Rangers,AL West,12,8,3.8,29,29,16,0,0,0,0,0,170.2,696,147,74,72,23,42,0,7,3,0,166
Jose Quintana,New York,Mets,NL East,10,10,3.75,31,31,12,0,0,0,0,0,170.1,717,150,73,71,22,63,0,11,7,0,135
Hunter Brown,Houston,Astros,AL West,11,9,3.49,31,30,19,0,0,0,0,0,170,712,156,71,66,18,60,0,5,4,1,179
Kyle Gibson,St. Louis,Cardinals,NL Central,8,8,4.24,30,30,13,0,0,0,0,0,169.2,722,161,91,80,23,68,1,4,5,0,151
Colin Rea,Milwaukee,Brewers,NL Central,12,6,4.29,32,27,8,0,0,1,1,0,167.2,714,169,83,80,29,43,1,10,2,0,135
Ronel Blanco,Houston,Astros,AL West,13,6,2.8,30,29,14,1,1,0,0,0,167.1,676,114,56,52,22,68,0,2,3,0,166
Michael Wacha,Kansas City,Royals,AL Central,13,8,3.35,29,29,14,0,0,0,0,0,166.2,685,154,65,62,17,45,1,5,3,0,145
Sonny Gray,St. Louis,Cardinals,NL Central,13,9,3.84,28,28,13,0,0,0,0,0,166.1,671,142,79,71,21,39,0,3,7,1,203
MacKenzie Gore,Washington,Nationals,NL East,10,12,3.9,32,32,11,0,0,0,0,0,166.1,731,171,93,72,15,65,0,11,14,0,181
Charlie Morton,Atlanta,Braves,NL East,8,10,4.19,30,30,12,0,0,0,0,0,165.1,701,154,85,77,23,65,1,18,2,1,167
Jameson Taillon,Chicago,Cubs,NL Central,12,8,3.27,28,28,16,0,0,0,0,0,165.1,675,154,67,60,21,33,0,1,4,2,125
Austin Gomber,Colorado,Rockies,NL West,5,12,4.75,30,30,12,0,0,0,0,0,165,696,178,89,87,30,38,0,1,3,0,116
Brayan Bello,Boston,Red Sox,AL East,14,8,4.49,30,30,10,0,0,0,0,0,162.1,702,157,84,81,19,64,0,11,6,1,153
Ryan Feltner,Colorado,Rockies,NL West,3,10,4.49,30,30,13,0,0,0,0,0,162.1,692,165,94,81,20,52,0,7,4,0,138
Andrew Heaney,Texas,Rangers,AL West,5,14,4.28,32,31,7,0,0,0,0,0,160,693,159,84,76,23,41,1,12,2,0,159
Chris Flexen,Chicago,White Sox,AL Central,3,15,4.95,33,30,10,0,0,0,0,0,160,707,180,95,88,24,63,1,2,4,2,123
Zack Littell,Tampa Bay,Rays,AL East,8,10,3.63,29,29,10,0,0,0,0,0,156.1,656,164,68,63,22,31,0,5,0,0,141
Marcus Stroman,New York,Yankees,AL East,10,9,4.31,30,29,9,0,0,1,0,0,154.2,675,167,81,74,19,60,0,8,2,0,113
Luis Gil,New York,Yankees,AL East,15,7,3.5,29,29,10,0,0,0,0,0,151.2,637,104,60,59,18,77,0,8,6,2,171
Mitch Spence,Sacramento,Athletics,AL West,8,10,4.58,35,24,4,0,0,0,1,0,151.1,651,165,79,77,20,44,0,6,8,1,126
Ben Lively,Cleveland,Guardians,AL Central,13,10,3.81,29,29,9,0,0,0,0,0,151,632,139,67,64,23,49,0,5,2,1,118
Mitchell Parker,Washington,Nationals,NL East,7,10,4.29,29,29,11,0,0,0,0,0,151,646,154,82,72,18,43,0,2,7,0,133
Ryne Nelson,Arizona,Diamondbacks,NL West,10,6,4.24,28,25,12,0,0,1,0,0,150.2,630,155,73,71,17,34,2,5,4,0,126
Ranger Suárez,Philadelphia,Phillies,NL East,12,8,3.46,27,27,11,1,1,0,0,0,150.2,626,140,63,58,14,41,1,5,1,2,145
Hunter Greene,Cincinnati,Reds,NL Central,9,5,2.75,26,26,13,0,0,0,0,0,150.1,611,96,47,46,12,57,0,19,7,1,169
Cal Quantrill,Colorado,Rockies,NL West,8,11,4.98,29,29,12,0,0,0,0,0,148.1,656,156,83,82,23,69,0,11,6,1,110
Zac Gallen,Arizona,Diamondbacks,NL West,14,6,3.65,28,28,12,0,0,0,0,0,148,621,133,62,60,13,54,0,4,5,0,156
Javier Assad,Chicago,Cubs,NL Central,7,6,3.73,29,29,6,0,0,0,0,0,147,638,143,64,61,20,63,0,5,5,0,124
Matt Waldron,San Diego,Padres,NL West,7,11,4.91,27,26,10,0,0,0,0,0,146.2,625,145,84,80,21,40,0,11,5,1,133
Garrett Crochet,Chicago,White Sox,AL Central,6,12,3.58,32,32,11,0,0,0,0,0,146,595,123,61,58,18,33,0,5,3,1,209
Nick Pivetta,Boston,Red Sox,AL East,6,12,4.14,27,26,11,0,0,0,0,0,145.2,595,128,70,67,28,36,1,1,4,0,172
Spencer Arrighetti,Houston,Astros,AL West,7,13,4.53,29,28,10,0,0,0,0,0,145,632,139,80,73,21,65,0,7,3,0,171
Bailey Falter,Pittsburgh,Pirates,NL Central,8,9,4.43,28,28,8,0,0,0,0,0,142.1,589,138,72,70,17,45,0,0,0,0,97
Nick Martinez,Cincinnati,Reds,NL Central,10,7,3.1,42,16,6,1,0,0,6,0,142.1,570,128,56,49,13,18,0,5,4,0,116
Gavin Stone,Los Angeles,Dodgers,NL West,11,5,3.53,25,25,10,1,1,0,0,0,140.1,580,133,55,55,18,37,0,2,9,0,116
Tobias Myers,Milwaukee,Brewers,NL Central,9,6,3,27,25,7,0,0,0,0,0,138,569,126,52,46,18,36,0,5,4,5,127
Taj Bradley,Tampa Bay,Rays,AL East,8,11,4.11,25,25,10,0,0,0,0,0,138,578,122,68,63,22,47,0,3,4,0,154
Andrew Abbott,Cincinnati,Reds,NL Central,10,10,3.72,25,25,9,0,0,0,0,0,138,586,127,60,57,25,52,1,2,5,0,114
Reynaldo López,Atlanta,Braves,NL East,8,5,1.99,26,25,14,0,0,0,1,0,135.2,543,108,32,30,10,42,0,2,2,1,148
Luis L. Ortiz,Pittsburgh,Pirates,NL Central,7,6,3.32,37,15,7,0,0,1,1,2,135.2,556,109,56,50,16,42,3,9,2,1,107
Joe Ryan,Minnesota,Twins,AL Central,7,7,3.6,23,23,13,0,0,0,0,0,135,538,110,59,54,19,23,0,5,2,1,147
Justin Steele,Chicago,Cubs,NL Central,5,5,3.07,24,24,11,1,0,0,0,0,134.2,555,111,54,46,12,37,0,4,1,0,135
Tyler Glasnow,Los Angeles,Dodgers,NL West,9,6,3.49,22,22,14,0,0,0,0,0,134,522,92,53,52,15,35,0,0,12,1,168
Albert Suárez,Baltimore,Orioles,AL East,9,7,3.7,32,24,7,0,0,0,1,1,133.2,565,130,56,55,17,43,1,3,2,1,108
Simeon Woods Richardson,Minnesota,Twins,AL Central,5,5,4.17,28,28,7,0,0,0,0,0,133.2,569,125,63,62,16,48,0,3,3,0,117
Paul Skenes,Pittsburgh,Pirates,NL Central,11,3,1.96,23,23,15,0,0,0,0,0,133,514,94,31,29,10,32,0,6,2,1,170
Kyle Hendricks,Chicago,Cubs,NL Central,4,12,5.92,29,24,5,0,0,0,0,0,130.2,567,147,88,86,21,43,0,3,0,0,87
Ryan Pepiot,Tampa Bay,Rays,AL East,8,8,3.6,26,26,9,0,0,0,0,0,130,539,102,58,52,17,48,0,7,4,0,142
Dean Kremer,Baltimore,Orioles,AL East,8,10,4.1,24,24,9,0,0,0,0,0,129.2,553,110,72,59,18,51,0,3,1,1,123
Alec Marsh,Kansas City,Royals,AL Central,9,9,4.53,26,25,5,0,0,0,0,0,129,548,123,70,65,19,39,1,11,3,1,123
Joey Estes,Sacramento,Athletics,AL West,7,9,5.01,25,24,8,1,1,0,1,0,127.2,543,130,73,71,23,27,1,10,3,0,92
Kyle Harrison,San Francisco,Giants,NL West,7,7,4.56,24,24,9,0,0,0,0,0,124.1,532,125,65,63,18,42,0,7,2,1,118
Jonathan Cannon,Chicago,White Sox,AL Central,5,10,4.49,23,21,7,0,0,1,0,0,124.1,522,125,65,62,18,40,0,4,2,1,91
Spencer Schwellenbach,Atlanta,Braves,NL East,8,7,3.35,21,21,12,0,0,0,0,0,123.2,500,106,49,46,14,23,1,6,3,0,127
Jared Jones,Pittsburgh,Pirates,NL Central,6,8,4.14,22,22,11,0,0,0,0,0,121.2,504,106,60,56,18,39,1,5,3,0,132
Andre Pallante,St. Louis,Cardinals,NL Central,8,8,3.78,29,20,7,0,0,0,1,0,121.1,509,110,55,51,8,48,0,2,12,2,94
Bryan Woo,Seattle,Mariners,AL West,9,3,2.89,22,22,10,0,0,0,0,0,121.1,472,96,41,39,14,13,0,3,0,0,101
David Peterson,New York,Mets,NL East,10,3,2.9,21,21,12,0,0,0,0,0,121,510,110,44,39,8,46,0,7,4,1,101
Lance Lynn,St. Louis,Cardinals,NL Central,7,4,3.84,23,23,7,0,0,0,0,0,117.1,511,113,64,50,16,44,0,4,3,0,109
Jordan Montgomery,Arizona,Diamondbacks,NL West,8,7,6.23,25,21,6,0,0,1,0,0,117,532,149,83,81,14,44,3,2,7,0,83
Grayson Rodriguez,Baltimore,Orioles,AL East,13,4,3.86,20,20,11,0,0,0,0,0,116.2,491,109,52,50,15,36,0,5,6,0,130
Nick Lodolo,Cincinnati,Reds,NL Central,9,6,4.76,21,21,8,0,0,0,0,0,115.1,493,101,62,61,13,37,0,18,1,0,122
Kyle Freeland,Colorado,Rockies,NL West,5,8,5.24,21,21,10,0,0,0,0,0,113.1,490,134,73,66,22,26,0,1,1,0,85
José Soriano,"""Los Angeles""",Angels,AL West,6,7,3.42,22,20,9,0,0,0,1,0,113,468,91,50,43,8,45,1,9,7,0,97
Kenta Maeda,Detroit,Tigers,AL Central,3,7,6.09,29,17,2,0,0,0,0,0,112.1,485,124,80,76,22,31,0,5,3,0,96
Reese Olson,Detroit,Tigers,AL Central,4,8,3.53,22,22,9,0,0,0,0,0,112.1,465,100,51,44,7,33,0,4,4,0,101
Jordan Hicks,San Francisco,Giants,NL West,4,7,4.1,29,20,3,0,0,1,2,0,109.2,481,112,54,50,12,47,0,9,7,2,96
José Ureña,Texas,Rangers,AL West,5,8,3.8,33,9,3,0,0,1,1,0,109,463,105,51,46,13,39,2,4,3,0,70
Tyler Alexander,Tampa Bay,Rays,AL East,6,5,5.1,23,9,1,0,0,0,0,0,107.2,455,110,61,61,23,24,1,5,0,0,90
Bryse Wilson,Milwaukee,Brewers,NL Central,5,4,4.04,34,9,2,0,0,0,0,0,104.2,442,102,49,47,20,31,0,4,3,1,82
Blake Snell,San Francisco,Giants,NL West,5,3,3.12,20,20,10,1,1,0,0,0,104,418,65,38,36,6,44,0,1,8,0,145
Bowden Francis,Toronto,Blue Jays,AL East,8,5,3.3,27,13,7,0,0,0,0,0,103.2,408,74,41,38,17,22,0,7,0,1,92
Carlos Carrasco,Cleveland,Guardians,AL Central,3,10,5.64,21,21,4,0,0,0,0,0,103.2,447,112,68,65,19,33,0,5,5,0,89
Jon Gray,Texas,Rangers,AL West,5,6,4.47,23,19,7,0,0,0,0,0,102.2,439,107,54,51,11,28,1,0,1,0,86
Casey Mize,Detroit,Tigers,AL Central,2,6,4.49,22,20,6,0,0,0,0,0,102.1,452,121,57,51,11,29,0,2,2,1,78